year,CH4
100,-0.017205167
56,-0.013820584
23,-0.015281186
1,-0.021039525
