year,Rs
100,176.4848256
56,279.4404593
23,198.848884
1,46.7120584
