year,Rs
5,0.109024536
45,0.094265409
75,0.124510296
155,0.135729193
