year,Rs
100,0.4406639
46,0.754356846
25,0.628630705
3,0.258921162
