control,,fire,
month,N2O,month,N2O
4,0,5,-0.91954023
5,1.005747126,5,0.028735632
5,0.977011494,6,0.948275862
5,1.982758621,7,0.057471264
6,5,7,0.057471264
6,1.005747126,8,-0.028735632
7,0.057471264,9,1.063218391
7,1.005747126,mean,0.172413793
8,-0.028735632,,
9,1.034482759,,
9,0.977011494,,
mean,1.18338558,,
